,ope6_id,Name,State,Zip,Ownership,Region,price_calculator_url,Years,school.degrees_awarded.predominant,Highest Degree,school.carnegie_basic,school.carnegie_undergrad,school.carnegie_size_setting,school.degree_urbanization,Size,school.online_only,HBCU,school.religious_affiliation,latest.student.part_time_share,latest.student.grad_students,Single-Sex,latest.completion.completion_rate_4yr_100nt,latest.completion.completion_rate_4yr_150nt,latest.admissions.admission_rate.overall,latest.admissions.sat_scores.25th_percentile.critical_reading,latest.admissions.sat_scores.75th_percentile.critical_reading,latest.admissions.sat_scores.25th_percentile.math,latest.admissions.sat_scores.75th_percentile.math,latest.admissions.sat_scores.average.overall,latest.admissions.act_scores.25th_percentile.cumulative,latest.admissions.act_scores.75th_percentile.cumulative,Midpoint ACT,latest.cost.tuition.in_state,latest.cost.tuition.out_of_state,latest.aid.pell_grant_rate,latest.cost.net_price.public.by_income_level.0-30000,latest.cost.net_price.private.by_income_level.0-30000,latest.cost.net_price.public.by_income_level.30001-48000,latest.cost.net_price.private.by_income_level.30001-48000,latest.cost.net_price.public.by_income_level.48001-75000,latest.cost.net_price.private.by_income_level.48001-75000,latest.cost.net_price.public.by_income_level.75001-110000,latest.cost.net_price.private.by_income_level.75001-110000,latest.cost.net_price.public.by_income_level.110001-plus,latest.cost.net_price.private.by_income_level.110001-plus,school.operating
0,031473,Yeshiva D'monsey Rabbinical College,NY,10952,Private nonprofit,"Mid East (DE, DC, MD, NJ, NY, PA)",https://yeshivadmonsey.com/wp-content/uploads/Net%20Price%2018.html,4-year,Predominantly bachelors-degree granting,Bachelors degree,Special Focus Four-Year: Faith-Related Institutions,"Four-year, full-time, more selective, higher transfer-in","Four-year, very small, highly residential",,69.0,Not distance-education only,No,,0.0,6.0,Single-Sex: Men,0.0,0.6667,0.5313,,,,,,,,,7300.0,7300.0,0.9583,,3726.0,,5574.0,,,,5574.0,,,Currently certified as operating
1,031643,The Creative Center,NE,68164,Private for-profit,"Plains (IA, KS, MN, MO, NE, ND, SD)",www.creativecenter.edu/TCC14/at_breakouts.php,4-year,Predominantly associates-degree granting,Bachelors degree,"Special Focus Four-Year: Arts, Music & Design Schools","Four-year, full-time, selective, higher transfer-in","Four-year, very small, primarily nonresidential",,39.0,Not distance-education only,No,,0.0256,,Co-Educational,,0.6667,0.6667,,,,,,,,,27700.0,27700.0,0.5294,,35707.0,,37291.0,,39807.0,,40742.0,,41627.0,Currently certified as operating
2,001002,Alabama A & M University,AL,35762,Public,"Southeast (AL, AR, FL, GA, KY, LA, MS, NC, SC, TN, VA, WV)",www.aamu.edu/admissions-aid/tuition-fees/net-price-calculator.html,4-year,Predominantly bachelors-degree granting,Graduate degree,Masters Colleges & Universities: Larger Programs,"Four-year, full-time, inclusive, lower transfer-in","Four-year, medium, highly residential",,4990.0,Not distance-education only,Yes,,0.0587,963.0,Co-Educational,0.0556,0.2685,0.8986,430.0,520.0,420.0,510.0,957.0,16.0,19.0,18.0,9744.0,18354.0,0.7067,13893.0,,13976.0,,15995.0,,18957.0,,17140.0,,Currently certified as operating
3,001041,Spring Hill College,AL,36608-1791,Private nonprofit,"Southeast (AL, AR, FL, GA, KY, LA, MS, NC, SC, TN, VA, WV)",https://shc.studentaidcalculator.com/survey.aspx,4-year,Predominantly bachelors-degree granting,Graduate degree,Baccalaureate Colleges: Arts & Sciences Focus,"Four-year, full-time, selective, lower transfer-in","Four-year, small, highly residential",,1252.0,Not distance-education only,No,Roman Catholic,0.0088,125.0,Co-Educational,0.5017,0.5864,0.6577,505.0,595.0,510.0,590.0,1130.0,20.0,25.0,23.0,39464.0,39464.0,0.342,,16022.0,,17172.0,,18012.0,,20648.0,,24205.0,Currently certified as operating
4,001005,Alabama State University,AL,36104-0271,Public,"Southeast (AL, AR, FL, GA, KY, LA, MS, NC, SC, TN, VA, WV)",www.alasu.edu/cost-aid/tuition-costs/net-price-calculator,4-year,Predominantly bachelors-degree granting,Graduate degree,Masters Colleges & Universities: Medium Programs,"Four-year, full-time, inclusive, lower transfer-in","Four-year, medium, highly residential",,3903.0,Not distance-education only,Yes,,0.0666,510.0,Co-Educational,0.0975,0.3001,0.9774,440.0,520.0,420.0,510.0,972.0,16.0,20.0,18.0,11068.0,19396.0,0.7448,11344.0,,14855.0,,18390.0,,18863.0,,14833.0,,Currently certified as operating
5,022171,Pima Medical Institute-Tucson,AZ,85712,Private for-profit,"Southwest (AZ, NM, OK, TX)",https://secure.pmi.edu/npcalc/,4-year,Predominantly certificate-degree granting,Bachelors degree,Special Focus Four-Year: Other Health Professions Schools,"Four-year, full-time, inclusive, lower transfer-in","Four-year, small, primarily nonresidential",,1851.0,Not distance-education only,No,,0.0,,Co-Educational,,0.6977,,,,,,,,,,,,0.568,,23578.0,,23581.0,,23990.0,,25859.0,,,Currently certified as operating
6,001089,Arkansas Tech University,AR,72801-2222,Public,"Southeast (AL, AR, FL, GA, KY, LA, MS, NC, SC, TN, VA, WV)",www.atu.edu/finaid/npcalc.htm,4-year,Predominantly bachelors-degree granting,Graduate degree,Masters Colleges & Universities: Larger Programs,"Four-year, full-time, inclusive, lower transfer-in","Four-year, medium, primarily residential",,7896.0,Not distance-education only,No,,0.1939,950.0,Co-Educational,0.2563,0.4069,0.9024,,,,,,,,,7254.0,12678.0,0.3955,11077.0,,11225.0,,13426.0,,14878.0,,14943.0,,Currently certified as operating
7,001092,University of Central Arkansas,AR,72035-0001,Public,"Southeast (AL, AR, FL, GA, KY, LA, MS, NC, SC, TN, VA, WV)",uca.edu/financialaid/financial-aid-net-price-calculator/,4-year,Predominantly bachelors-degree granting,Graduate degree,Doctoral Universities: Moderate Research Activity,"Four-year, full-time, selective, higher transfer-in","Four-year, medium, primarily residential",,8906.0,Not distance-education only,No,,0.1206,1752.0,Co-Educational,0.2268,0.4113,0.911,480.0,580.0,490.0,590.0,1186.0,21.0,27.0,24.0,8752.0,15275.0,0.4298,13176.0,,13547.0,,15220.0,,16590.0,,17070.0,,Currently certified as operating
8,001116,Art Center College of Design,CA,91103,Private nonprofit,"Far West (AK, CA, HI, NV, OR, WA)",https://tcc.ruffalonl.com/Art-Center-College-of-Design/Freshman-Calculator,4-year,Predominantly bachelors-degree granting,Graduate degree,"Special Focus Four-Year: Arts, Music & Design Schools","Four-year, full-time, selective, higher transfer-in","Four-year, small, primarily nonresidential",,1987.0,Not distance-education only,No,,0.1364,241.0,Co-Educational,0.2968,0.7161,0.6765,,,,,,,,,43416.0,43416.0,0.3072,,36451.0,,37053.0,,43945.0,,43251.0,,52080.0,Currently certified as operating
9,001120,American Baptist Seminary of the West,CA,94704-3029,Private nonprofit,"Far West (AK, CA, HI, NV, OR, WA)",www.absw.edu,4-year,Entirely graduate-degree granting,Graduate degree,Special Focus Four-Year: Faith-Related Institutions,Not classified (Exclusively Graduate),Exclusively graduate/professional,,,Not distance-education only,No,American Baptist,,51.0,Not Listed,,,,,,,,,,,,,,,,,,,,,,,,,Currently certified as operating
10,001131,California Institute of Technology,CA,91125,Private nonprofit,"Far West (AK, CA, HI, NV, OR, WA)",www.finaid.caltech.edu/npc,4-year,Predominantly bachelors-degree granting,Graduate degree,Doctoral Universities: Highest Research Activity,"Four-year, full-time, more selective, lower transfer-in","Four-year, small, highly residential",,948.0,Not distance-education only,No,,0.0,1285.0,Co-Educational,0.8061,0.9202,0.0662,740.0,780.0,790.0,800.0,1566.0,35.0,36.0,36.0,52362.0,52362.0,0.1415,,2714.0,,1376.0,,14027.0,,17611.0,,45404.0,Currently certified as operating
11,001177,Cogswell College,CA,95134,Private for-profit,"Far West (AK, CA, HI, NV, OR, WA)",https://cogswell.edu/admission/financial-aid/,4-year,Predominantly bachelors-degree granting,Bachelors degree,Baccalaureate Colleges: Diverse Fields,"Four-year, medium full-time , selective, higher transfer-in","Four-year, very small, primarily residential",,589.0,Not distance-education only,No,,0.3022,4.0,Co-Educational,0.1176,0.3529,0.5787,,,,,,,,,20056.0,20056.0,0.461,,30706.0,,33537.0,,31734.0,,,,35351.0,Currently certified as operating
12,032993,Pacific College,CA,92626,Private for-profit,"Far West (AK, CA, HI, NV, OR, WA)",www.pacific-college.edu/financial-aid/net-price-calculator,4-year,Predominantly associates-degree granting,Bachelors degree,Special Focus Four-Year: Other Health Professions Schools,"Four-year, full-time, inclusive, higher transfer-in","Four-year, very small, primarily nonresidential",,291.0,Not distance-education only,No,,0.0,,Co-Educational,,0.6739,0.6,,,,,,,,,,,0.2577,,22727.0,,21763.0,,23572.0,,26341.0,,26341.0,Currently certified as operating
13,031533,American College of Acupuncture and Oriental Med,TX,77063-4104,Private for-profit,"Southwest (AZ, NM, OK, TX)",www.acaom.edu,4-year,Entirely graduate-degree granting,Graduate degree,Special Focus Four-Year: Other Health Professions Schools,Not classified (Exclusively Graduate),Exclusively graduate/professional,,,Not distance-education only,No,,,118.0,Not Listed,,,,,,,,,,,,,,,,,,,,,,,,,Currently certified as operating
14,002674,New York Theological Seminary,NY,10115-0083,Private nonprofit,"Mid East (DE, DC, MD, NJ, NY, PA)",nyts.edu,4-year,Entirely graduate-degree granting,Graduate degree,Special Focus Four-Year: Faith-Related Institutions,Not classified (Exclusively Graduate),Exclusively graduate/professional,,,Not distance-education only,No,Interdenominational,,317.0,Not Listed,,,,,,,,,,,,,,,,,,,,,,,,,Currently certified as operating
15,025412,Stratford University,VA,22030,Private for-profit,"Southeast (AL, AR, FL, GA, KY, LA, MS, NC, SC, TN, VA, WV)",www.stratford.edu/services/financial/net-price-calculator,4-year,Predominantly associates-degree granting,Graduate degree,Masters Colleges & Universities: Larger Programs,"Four-year, higher part-time","Four-year, small, primarily nonresidential",,1791.0,Not distance-education only,No,,0.7443,279.0,Co-Educational,0.0588,0.2973,,,,,,,,,,15135.0,15135.0,0.6228,,23701.0,,,,,,,,,Currently certified as operating
16,032563,Yeshivah Gedolah Rabbinical College,FL,33139,Private nonprofit,"Southeast (AL, AR, FL, GA, KY, LA, MS, NC, SC, TN, VA, WV)",www.lecfl.com,4-year,Predominantly bachelors-degree granting,Bachelors degree,Special Focus Four-Year: Faith-Related Institutions,"Four-year, full-time, inclusive, higher transfer-in","Four-year, very small, highly residential",,34.0,Not distance-education only,No,Jewish,0.0,,Single-Sex: Men,0.0,0.0,,,,,,,,,,8300.0,8300.0,0.375,,,,8427.0,,,,,,,Currently certified as operating
17,025886,Seminario Evangelico de Puerto Rico,PR,00925,Private nonprofit,"Outlying Areas (AS, FM, GU, MH, MP, PR, PW, VI)",www.se-pr.edu/oficinas/administrativos.htm,4-year,Entirely graduate-degree granting,Graduate degree,Special Focus Four-Year: Faith-Related Institutions,Not classified (Exclusively Graduate),Exclusively graduate/professional,,,Not distance-education only,No,Interdenominational,,166.0,Not Listed,,,,,,,,,,,,,,,,,,,,,,,,,Currently certified as operating
18,002678,Bryant & Stratton College-Richmond,VA,23235,Private for-profit,"Southeast (AL, AR, FL, GA, KY, LA, MS, NC, SC, TN, VA, WV)",https://www.bryantstratton.edu/financial-aid/net-price-calculator,4-year,Predominantly associates-degree granting,Bachelors degree,Baccalaureate/Associates Colleges: Mixed Baccalaureate/Associates,"Four-year, higher part-time","Four-year, very small, primarily nonresidential",,652.0,Not distance-education only,No,,0.4018,,Co-Educational,0.0,0.1507,,,,,,,,,,17324.0,17324.0,0.6538,,16076.0,,13056.0,,,,13899.0,,,Currently certified as operating
19,003723,Mary Baldwin University,VA,24401,Private nonprofit,"Southeast (AL, AR, FL, GA, KY, LA, MS, NC, SC, TN, VA, WV)",https://marybaldwin.edu/financial-aid/net-price-calculator/,4-year,Predominantly bachelors-degree granting,Graduate degree,Doctoral Universities: Moderate Research Activity,"Four-year, medium full-time, inclusive, higher transfer-in","Four-year, small, primarily residential",,1248.0,Not distance-education only,No,Presbyterian Church (USA),0.2476,575.0,Co-Educational,0.4298,0.4711,0.9991,490.0,590.0,460.0,540.0,1053.0,18.0,24.0,21.0,31110.0,31110.0,0.5502,,15933.0,,14514.0,,14912.0,,19534.0,,21943.0,Currently certified as operating
20,003709,Emory & Henry College,VA,24327-0947,Private nonprofit,"Southeast (AL, AR, FL, GA, KY, LA, MS, NC, SC, TN, VA, WV)",www.ehc.edu/financial-aid/cost-calculator/,4-year,Predominantly bachelors-degree granting,Graduate degree,Baccalaureate Colleges: Arts & Sciences Focus,"Four-year, full-time, selective, lower transfer-in","Four-year, small, highly residential",,964.0,Not distance-education only,No,United Methodist,0.0114,267.0,Co-Educational,0.4795,0.5984,0.6952,500.0,600.0,480.0,560.0,1075.0,18.0,24.0,21.0,35100.0,35100.0,0.435,,14110.0,,14947.0,,16526.0,,21650.0,,24762.0,Currently certified as operating
21,010434,Renton Technical College,WA,98056-4123,Public,"Far West (AK, CA, HI, NV, OR, WA)",www.rtc.edu/net-price-calculator,4-year,Predominantly certificate-degree granting,Bachelors degree,Baccalaureate/Associates Colleges: Associates Dominant,"Four-year, medium full-time, inclusive, higher transfer-in","Four-year, small, primarily nonresidential",,1282.0,Not distance-education only,No,,0.3136,,Co-Educational,,0.5732,,,,,,,,,,5466.0,5902.0,0.2174,5259.0,,6776.0,,8246.0,,11990.0,,12153.0,,Currently certified as operating
22,003813,Glenville State College,WV,26351-1292,Public,"Southeast (AL, AR, FL, GA, KY, LA, MS, NC, SC, TN, VA, WV)",https://glenville.studentaidcalculator.com/survey.aspx,4-year,Predominantly associates-degree granting,Bachelors degree,Baccalaureate Colleges: Diverse Fields,"Four-year, medium full-time, inclusive, higher transfer-in","Four-year, small, primarily residential",,1185.0,Not distance-education only,No,,0.1527,,Co-Educational,0.3688,0.3179,,,,,,,,,,6919.0,15580.0,0.523,15034.0,,16979.0,,18979.0,,20422.0,,21455.0,,Currently certified as operating
23,022608,Huertas College,PR,00725,Private for-profit,"Outlying Areas (AS, FM, GU, MH, MP, PR, PW, VI)",huertas.edu/hc/net-price-calculator/,4-year,Predominantly associates-degree granting,Bachelors degree,Special Focus Four-Year: Other Health Professions Schools,"Four-year, full-time, inclusive, higher transfer-in","Four-year, very small, primarily nonresidential",,796.0,Not distance-education only,No,,0.1495,,Co-Educational,,0.4561,,,,,,,,,,6635.0,6635.0,0.8666,,5838.0,,5428.0,,5522.0,,,,,Currently certified as operating
24,005026,Inter American University of Puerto Rico-Arecibo,PR,00614,Private nonprofit,"Outlying Areas (AS, FM, GU, MH, MP, PR, PW, VI)",www.arecibo.inter.edu/npc,4-year,Predominantly bachelors-degree granting,Graduate degree,Masters Colleges & Universities: Medium Programs,"Four-year, full-time, selective, higher transfer-in","Four-year, medium, primarily nonresidential",,3553.0,Not distance-education only,No,,0.1171,360.0,Co-Educational,0.1143,0.3487,0.2828,,,,,,,,,5872.0,5872.0,0.8667,,8282.0,,8861.0,,9877.0,,,,,Currently certified as operating
25,005022,Universidad Central de Bayamon,PR,00960-1725,Private nonprofit,"Outlying Areas (AS, FM, GU, MH, MP, PR, PW, VI)",www.ucb.edu.pr/web/?page_id=4831,4-year,Predominantly bachelors-degree granting,Graduate degree,Masters Colleges & Universities: Small Programs,"Four-year, full-time, inclusive, higher transfer-in","Four-year, small, primarily nonresidential",,1169.0,Not distance-education only,No,Roman Catholic,0.2198,219.0,Co-Educational,0.0,0.1416,0.71,,,,,,,,,6260.0,6260.0,0.8268,,6278.0,,7169.0,,9272.0,,12275.0,,,Currently certified as operating
26,021633,Universidad Central Del Caribe,PR,00960-6032,Private nonprofit,"Outlying Areas (AS, FM, GU, MH, MP, PR, PW, VI)",www.uccaribe.edu/admission/?page_id=1144,4-year,Predominantly certificate-degree granting,Graduate degree,Special Focus Four-Year: Medical Schools & Centers,"Four-year, medium full-time , selective, higher transfer-in","Four-year, very small, primarily nonresidential",,127.0,Not distance-education only,No,,0.252,362.0,Co-Educational,0.0,0.2308,0.8889,,,,,,,,,8182.0,8182.0,0.8971,,9949.0,,11416.0,,14231.0,,,,,Currently certified as operating
27,005029,Inter American University of Puerto Rico-Ponce,PR,00715-1602,Private nonprofit,"Outlying Areas (AS, FM, GU, MH, MP, PR, PW, VI)",ponce.inter.edu/html/netprice/npcalc.htm,4-year,Predominantly bachelors-degree granting,Graduate degree,Masters Colleges & Universities: Small Programs,"Four-year, full-time, selective, lower transfer-in","Four-year, medium, primarily nonresidential",,4155.0,Not distance-education only,No,,0.1345,406.0,Co-Educational,0.1431,0.4447,0.2754,,,,,,,,,5914.0,5914.0,0.8443,,7852.0,,8551.0,,10195.0,,11150.0,,,Currently certified as operating
28,002093,St. John's College,NM,87505-4599,Private nonprofit,"Southwest (AZ, NM, OK, TX)",www.sjc.edu/admissions-and-aid/financial-aid/net-price-calculator/,4-year,Predominantly bachelors-degree granting,Graduate degree,Baccalaureate Colleges: Arts & Sciences Focus,"Four-year, full-time, more selective, higher transfer-in","Four-year, very small, highly residential",,320.0,Not distance-education only,No,,0.0438,51.0,Co-Educational,0.5455,0.6364,0.6704,610.0,720.0,590.0,700.0,1301.0,24.0,30.0,27.0,54118.0,54118.0,0.3199,,28321.0,,25859.0,,50318.0,,57921.0,,65456.0,Currently certified as operating
29,003946,University of the Virgin Islands,VI,00802-9990,Public,"Outlying Areas (AS, FM, GU, MH, MP, PR, PW, VI)",https://www.uvi.edu/netprice/npcalc.htm,4-year,Predominantly bachelors-degree granting,Graduate degree,Baccalaureate Colleges: Diverse Fields,"Four-year, medium full-time, inclusive, higher transfer-in","Four-year, small, primarily nonresidential",,1650.0,Not distance-education only,Yes,,0.2588,247.0,Co-Educational,0.0476,0.2305,0.9778,,,,,,,,,5235.0,14496.0,0.5522,10449.0,,10470.0,,14230.0,,15624.0,,16913.0,,Currently certified as operating
30,003010,Antioch University-Los Angeles,CA,90230-7615,Private nonprofit,"Far West (AK, CA, HI, NV, OR, WA)",,4-year,Predominantly bachelors-degree granting,Graduate degree,Masters Colleges & Universities: Medium Programs,"Four-year, higher part-time","Four-year, very small, primarily nonresidential",,130.0,Not distance-education only,No,,0.7077,646.0,Co-Educational,,,,,,,,,,,,,,0.332,,,,,,,,,,,Currently certified as operating
31,003010,Antioch University-New England,NH,03431,Private nonprofit,"New England (CT, ME, MA, NH, RI, VT)",www.antiochne.edu,4-year,Entirely graduate-degree granting,Graduate degree,Masters Colleges & Universities: Medium Programs,Not classified (Exclusively Graduate),Exclusively graduate/professional,,,Not distance-education only,No,,,845.0,Not Listed,,,,,,,,,,,,,,,,,,,,,,,,,Currently certified as operating
32,022606,National University College,PR,00960,Private for-profit,"Outlying Areas (AS, FM, GU, MH, MP, PR, PW, VI)",www.nuc.edu,4-year,Predominantly bachelors-degree granting,Graduate degree,Special Focus Four-Year: Other Health Professions Schools,"Four-year, medium full-time , selective, higher transfer-in","Four-year, medium, primarily nonresidential",,10203.0,Not distance-education only,No,,0.4295,1048.0,Co-Educational,0.2686,0.3416,0.5745,,,,,,,,,6675.0,6675.0,0.8035,,7006.0,,8015.0,,10444.0,,12941.0,,12941.0,Currently certified as operating
33,013039,South University-Columbia,SC,29203,Private for-profit,"Southeast (AL, AR, FL, GA, KY, LA, MS, NC, SC, TN, VA, WV)",www.southuniversity.edu/columbia/net-price-calculator,4-year,Predominantly bachelors-degree granting,Graduate degree,Masters Colleges & Universities: Medium Programs,"Four-year, medium full-time, inclusive, higher transfer-in","Four-year, very small, primarily nonresidential",,675.0,Not distance-education only,No,,0.2711,308.0,Co-Educational,0.1176,0.2273,,,,,,,,,,17014.0,17014.0,0.5769,,22635.0,,22599.0,,,,,,,Currently certified as operating
34,024911,Beckfield College-Florence,KY,41042,Private for-profit,"Southeast (AL, AR, FL, GA, KY, LA, MS, NC, SC, TN, VA, WV)",www.beckfield.edu/NPC/npcalc.htm,4-year,Predominantly associates-degree granting,Bachelors degree,Baccalaureate/Associates Colleges: Mixed Baccalaureate/Associates,"Four-year, higher part-time","Four-year, very small, primarily nonresidential",,687.0,Not distance-education only,No,,0.559,,Co-Educational,0.0,0.1833,,,,,,,,,,13295.0,13295.0,0.7423,,19983.0,,19694.0,,20036.0,,,,,Currently certified as operating
35,023628,Austin Graduate School of Theology,TX,78752,Private nonprofit,"Southwest (AZ, NM, OK, TX)",,4-year,Predominantly bachelors-degree granting,Graduate degree,Special Focus Four-Year: Faith-Related Institutions,"Four-year, higher part-time","Four-year, very small, primarily nonresidential",,26.0,Not distance-education only,No,Churches of Christ,0.7308,11.0,Co-Educational,,,,,,,,,,,,,,0.4091,,,,,,,,,,,Currently certified as operating
36,003395,Pennsylvania College of Technology,PA,17701-5799,Public,"Mid East (DE, DC, MD, NJ, NY, PA)",https://www.pct.edu/admissions/consumerinfo/NPC/,4-year,Predominantly associates-degree granting,Bachelors degree,Baccalaureate/Associates Colleges: Mixed Baccalaureate/Associates,"Four-year, full-time, inclusive, higher transfer-in","Four-year, medium, primarily residential",,5289.0,Not distance-education only,No,,0.173,,Co-Educational,0.4094,0.4658,,,,,,,,,,16740.0,23880.0,0.372,19898.0,,20092.0,,22656.0,,25864.0,,28200.0,,Currently certified as operating
37,026001,New York Academy of Art,NY,10013-2911,Private nonprofit,"Mid East (DE, DC, MD, NJ, NY, PA)",nyaa.edu/graduate-program/student-services/student-consumer-information/,4-year,Entirely graduate-degree granting,Graduate degree,"Special Focus Four-Year: Arts, Music & Design Schools",Not classified (Exclusively Graduate),Exclusively graduate/professional,,,Not distance-education only,No,,,125.0,Not Listed,,,,,,,,,,,,,,,,,,,,,,,,,Currently certified as operating
38,003784,Olympic College,WA,98337-1699,Public,"Far West (AK, CA, HI, NV, OR, WA)",www.olympic.edu/paying-college/financial-aid/financial-aid-faqs/net-price-calculator,4-year,Predominantly associates-degree granting,Bachelors degree,Baccalaureate/Associates Colleges: Associates Dominant,"Four-year, medium full-time, inclusive, higher transfer-in","Four-year, medium, primarily nonresidential",,4634.0,Not distance-education only,No,,0.3284,,Co-Educational,,0.241,,,,,,,,,,3771.0,4241.0,0.2168,4219.0,,6041.0,,7306.0,,12205.0,,12205.0,,Currently certified as operating
39,003823,West Liberty University,WV,26074,Public,"Southeast (AL, AR, FL, GA, KY, LA, MS, NC, SC, TN, VA, WV)",https://www.westliberty.edu/financial-aid/net-price-calculator/,4-year,Predominantly bachelors-degree granting,Graduate degree,Masters Colleges & Universities: Small Programs,"Four-year, full-time, inclusive, higher transfer-in","Four-year, small, highly residential",,1994.0,Not distance-education only,No,,0.0642,301.0,Co-Educational,0.3025,0.4673,0.6936,470.0,620.0,350.0,680.0,1050.0,17.0,23.0,20.0,7680.0,15620.0,0.4036,10007.0,,11798.0,,14094.0,,15620.0,,15669.0,,Currently certified as operating
40,003811,Davis & Elkins College,WV,26241-3996,Private nonprofit,"Southeast (AL, AR, FL, GA, KY, LA, MS, NC, SC, TN, VA, WV)",www.dewv.edu/calculator,4-year,Predominantly bachelors-degree granting,Bachelors degree,Baccalaureate Colleges: Diverse Fields,"Four-year, full-time, inclusive, lower transfer-in","Four-year, very small, highly residential",,756.0,Not distance-education only,No,Presbyterian Church (USA),0.0172,,Co-Educational,0.2887,0.4123,0.3695,460.0,540.0,450.0,540.0,1005.0,16.0,22.0,19.0,29590.0,29590.0,0.4504,,15420.0,,15830.0,,17030.0,,19887.0,,23955.0,Currently certified as operating
41,005028,Inter American University of Puerto Rico-Bayamon,PR,00957-6257,Private nonprofit,"Outlying Areas (AS, FM, GU, MH, MP, PR, PW, VI)",interbayamon3.azurewebsites.net/npc/,4-year,Predominantly bachelors-degree granting,Graduate degree,Baccalaureate Colleges: Diverse Fields,"Four-year, full-time, selective, lower transfer-in","Four-year, medium, primarily nonresidential",,4169.0,Not distance-education only,No,,0.112,105.0,Co-Educational,0.0653,0.3084,0.3072,,,,,,,,,5940.0,5940.0,0.8309,,8157.0,,9394.0,,10128.0,,,,,Currently certified as operating
42,021651,EDP University of Puerto Rico Inc-San Juan,PR,00919-2303,Private nonprofit,"Outlying Areas (AS, FM, GU, MH, MP, PR, PW, VI)",edpuniversity.edu/coa_net_calculator/,4-year,Predominantly associates-degree granting,Graduate degree,Masters Colleges & Universities: Small Programs,"Four-year, higher part-time","Four-year, small, primarily nonresidential",,1960.0,Not distance-education only,No,,0.4276,134.0,Co-Educational,0.3478,0.3452,0.8578,,,,,,,,,6200.0,6200.0,0.5767,,7120.0,,8461.0,,8511.0,,,,,Currently certified as operating
43,007228,University of Puerto Rico-Arecibo,PR,00614-4010,Public,"Outlying Areas (AS, FM, GU, MH, MP, PR, PW, VI)",docs.upra.edu/admisiones/NetPriceCalculator/npcalc.htm,4-year,Predominantly bachelors-degree granting,Bachelors degree,Baccalaureate Colleges: Diverse Fields,"Four-year, full-time, more selective, lower transfer-in","Four-year, medium, primarily nonresidential",,3617.0,Not distance-education only,No,,0.0664,,Co-Educational,0.0025,0.4638,0.4995,,,,,,,,,4094.0,6049.0,0.8047,9424.0,,9951.0,,10819.0,,12175.0,,,,Currently certified as operating
44,030160,University of Puerto Rico-Carolina,PR,00984-4800,Public,"Outlying Areas (AS, FM, GU, MH, MP, PR, PW, VI)",home.uprc.upr.edu/info//NetPrice/npcalc.htm,4-year,Predominantly bachelors-degree granting,Bachelors degree,Baccalaureate Colleges: Diverse Fields,"Four-year, medium full-time, inclusive, higher transfer-in","Four-year, medium, primarily nonresidential",,3262.0,Not distance-education only,No,,0.2063,,Co-Educational,0.3407,0.4101,0.316,464.0,573.0,439.0,541.0,1009.0,,,,6121.0,9053.0,0.7326,5568.0,,6800.0,,9041.0,,10154.0,,,,Currently certified as operating
45,010922,University of Puerto Rico-Utuado,PR,00641,Public,"Outlying Areas (AS, FM, GU, MH, MP, PR, PW, VI)",www.uprutuado.edu/sites/default/files/documents/asec/NetPriceTemplate/index.html,4-year,Predominantly associates-degree granting,Bachelors degree,Baccalaureate/Associates Colleges: Mixed Baccalaureate/Associates,"Four-year, full-time, more selective, lower transfer-in","Four-year, small, primarily nonresidential",,831.0,Not distance-education only,No,,0.0517,,Co-Educational,0.0723,0.1808,0.4038,,,,,,,,,4094.0,6049.0,0.8172,10138.0,,10901.0,,12413.0,,13390.0,,12676.0,,Currently certified as operating
46,009652,University of Puerto Rico-Ponce,PR,00716-9996,Public,"Outlying Areas (AS, FM, GU, MH, MP, PR, PW, VI)",www.uprp.edu/index.php?option=com_content&view=article&id=460:net-price-calculator&catid=73:opei&Itemid=441,4-year,Predominantly bachelors-degree granting,Bachelors degree,Baccalaureate Colleges: Arts & Sciences Focus,"Four-year, full-time, more selective, lower transfer-in","Four-year, medium, primarily nonresidential",,2828.0,Not distance-education only,No,,0.0753,,Co-Educational,0.1392,0.4739,0.3526,,,,,,,,,4089.0,6044.0,0.793,5391.0,,6392.0,,8317.0,,9701.0,,,,Currently certified as operating
47,003010,Antioch University-Midwest,OH,45387,Private nonprofit,"Great Lakes (IL, IN, MI, OH, WI)",antiochseattle.edu/futurestudents/aid/npcalc.htm,4-year,Predominantly bachelors-degree granting,Graduate degree,Masters Colleges & Universities: Small Programs,"Four-year, higher part-time","Four-year, very small, primarily nonresidential",,39.0,Not distance-education only,No,,0.4615,79.0,Co-Educational,,,,,,,,,,,,,,0.561,,,,,,,,,,,Currently certified as operating
48,023202,Houston Graduate School of Theology,TX,77035-3602,Private nonprofit,"Southwest (AZ, NM, OK, TX)",www.hgst.edu,4-year,Entirely graduate-degree granting,Graduate degree,Special Focus Four-Year: Faith-Related Institutions,Not classified (Exclusively Graduate),Exclusively graduate/professional,,,Not distance-education only,No,Multiple Protestant Denomination,,132.0,Not Listed,,,,,,,,,,,,,,,,,,,,,,,,,Currently certified as operating
49,009058,Bethel Seminary-San Diego,CA,92115,Private nonprofit,"Far West (AK, CA, HI, NV, OR, WA)",https://www.bethel.edu/undergrad/financial-aid/before-apply/estimate/,4-year,Entirely graduate-degree granting,Graduate degree,Special Focus Four-Year: Faith-Related Institutions,Not classified (Exclusively Graduate),Exclusively graduate/professional,,,Not distance-education only,No,Baptist,,161.0,Not Listed,,,,,,,,,,,,,,,,,,,,,,,,,Currently certified as operating
50,002246,Cleary University,MI,48843,Private nonprofit,"Great Lakes (IL, IN, MI, OH, WI)",www.cleary.edu/npcalc.htm,4-year,Predominantly bachelors-degree granting,Graduate degree,Special Focus Four-Year: Business & Management Schools,"Four-year, medium full-time, inclusive, higher transfer-in","Four-year, very small, primarily nonresidential",,474.0,Not distance-education only,No,,0.2553,120.0,Co-Educational,0.0476,0.381,0.5797,460.0,580.0,470.0,570.0,1039.0,18.0,19.0,19.0,20550.0,20550.0,0.3664,,18406.0,,16668.0,,15918.0,,,,,Currently certified as operating
51,002225,Wentworth Institute of Technology,MA,02115,Private nonprofit,"New England (CT, ME, MA, NH, RI, VT)",https://wit.studentaidcalculator.com/survey.aspx,4-year,Predominantly bachelors-degree granting,Graduate degree,Masters Colleges & Universities: Medium Programs,"Four-year, full-time, more selective, lower transfer-in","Four-year, medium, highly residential",,4254.0,Not distance-education only,No,,0.0759,175.0,Co-Educational,0.523,0.6598,0.7604,530.0,630.0,550.0,650.0,1183.0,22.0,27.0,25.0,33950.0,33950.0,0.2392,,28247.0,,29517.0,,32879.0,,35578.0,,37320.0,Currently certified as operating
52,002226,Western New England University,MA,01119-2684,Private nonprofit,"New England (CT, ME, MA, NH, RI, VT)",www1.wne.edu/student-administrative-services/billing-and-finances/finance-calculator.cfm,4-year,Predominantly bachelors-degree granting,Graduate degree,Doctoral Universities: Moderate Research Activity,"Four-year, full-time, selective, lower transfer-in","Four-year, medium, highly residential",,2746.0,Not distance-education only,No,,0.0426,1029.0,Co-Educational,0.5239,0.6033,0.8537,530.0,620.0,530.0,630.0,1160.0,22.0,27.0,25.0,36804.0,36804.0,0.2738,,24842.0,,25023.0,,27827.0,,29709.0,,33426.0,Currently certified as operating
53,002248,Cranbrook Academy of Art,MI,48304,Private nonprofit,"Great Lakes (IL, IN, MI, OH, WI)",www.cranbrookart.edu,4-year,Entirely graduate-degree granting,Graduate degree,"Special Focus Four-Year: Arts, Music & Design Schools",Not classified (Exclusively Graduate),Exclusively graduate/professional,,,Not distance-education only,No,,,130.0,Not Listed,,,,,,,,,,,,,,,,,,,,,,,,,Currently certified as operating
54,002227,Wheaton College,MA,02766-2322,Private nonprofit,"New England (CT, ME, MA, NH, RI, VT)",https://npc.collegeboard.org/student/app/wheatoncollege,4-year,Predominantly bachelors-degree granting,Bachelors degree,Baccalaureate Colleges: Arts & Sciences Focus,"Four-year, full-time, more selective, lower transfer-in","Four-year, small, highly residential",,1750.0,Not distance-education only,No,,0.0017,,Co-Educational,0.7505,0.7806,0.6984,600.0,680.0,580.0,670.0,1280.0,27.0,31.0,29.0,52626.0,52626.0,0.2098,,21862.0,,21487.0,,23843.0,,26792.0,,33961.0,Currently certified as operating
55,002233,Worcester Polytechnic Institute,MA,01609-2280,Private nonprofit,"New England (CT, ME, MA, NH, RI, VT)",https://www.wpi.edu/admissions/tuition-aid/financial-need/net-price-calculator,4-year,Predominantly bachelors-degree granting,Graduate degree,Doctoral Universities: Higher Research Activity,"Four-year, full-time, more selective, lower transfer-in","Four-year, medium, primarily residential",,4571.0,Not distance-education only,No,,0.023,2206.0,Co-Educational,0.8186,0.8745,0.4159,,,,,,,,,50530.0,50530.0,0.1159,,34382.0,,31234.0,,33398.0,,41651.0,,44794.0,Currently certified as operating
56,002140,College of Our Lady of the Elms,MA,01013,Private nonprofit,"New England (CT, ME, MA, NH, RI, VT)",https://tcc.noellevitz.com/(S(fwtmfnosjzw40vqinl1pafji))/Elms%20College/Freshman-Students,4-year,Predominantly bachelors-degree granting,Graduate degree,Masters Colleges & Universities: Medium Programs,"Four-year, full-time, inclusive, higher transfer-in","Four-year, small, primarily residential",,1127.0,Not distance-education only,No,Roman Catholic,0.1127,380.0,Co-Educational,0.5412,0.6598,0.6747,480.0,580.0,490.0,590.0,1070.0,18.0,23.0,21.0,35788.0,35788.0,0.4668,,19703.0,,17990.0,,21165.0,,23492.0,,28421.0,Currently certified as operating
57,002202,Pope St John XXIII National Seminary,MA,02493-2699,Private nonprofit,"New England (CT, ME, MA, NH, RI, VT)",,4-year,Entirely graduate-degree granting,Graduate degree,Special Focus Four-Year: Faith-Related Institutions,Not classified (Exclusively Graduate),Exclusively graduate/professional,,,Not distance-education only,No,Roman Catholic,,60.0,Not Listed,,,,,,,,,,,,,,,,,,,,,,,,,Currently certified as operating
58,002145,Eastern Nazarene College,MA,02170-2999,Private nonprofit,"New England (CT, ME, MA, NH, RI, VT)",enc.edu/undergraduate/financial-aid/net-price-calculator/,4-year,Predominantly bachelors-degree granting,Graduate degree,Baccalaureate Colleges: Diverse Fields,"Four-year, full-time, inclusive, higher transfer-in","Four-year, very small, highly residential",,658.0,Not distance-education only,No,Church of the Nazarene,0.1216,188.0,Co-Educational,0.2912,0.456,0.6368,470.0,600.0,450.0,590.0,1054.0,17.0,23.0,20.0,25598.0,25598.0,0.4265,,26013.0,,22188.0,,21590.0,,22328.0,,27181.0,Currently certified as operating
59,002147,Emmanuel College,MA,02115,Private nonprofit,"New England (CT, ME, MA, NH, RI, VT)",https://emmanuel.studentaidcalculator.com/welcome.aspx,4-year,Predominantly bachelors-degree granting,Graduate degree,Baccalaureate Colleges: Arts & Sciences Focus,"Four-year, full-time, more selective, lower transfer-in","Four-year, small, highly residential",,1976.0,Not distance-education only,No,Roman Catholic,0.0213,120.0,Co-Educational,0.5823,0.6564,0.77,560.0,650.0,540.0,630.0,1195.0,24.0,27.0,26.0,39804.0,39804.0,0.2614,,26874.0,,26898.0,,29473.0,,31800.0,,35070.0,Currently certified as operating
60,002128,Boston College,MA,02467,Private nonprofit,"New England (CT, ME, MA, NH, RI, VT)",https://npc.collegeboard.org/student/app/bc,4-year,Predominantly bachelors-degree granting,Graduate degree,Doctoral Universities: Highest Research Activity,"Four-year, full-time, more selective, lower transfer-in","Four-year, large, highly residential",,9639.0,Not distance-education only,No,Roman Catholic,0.0117,4793.0,Co-Educational,0.8831,0.919,0.2789,650.0,720.0,670.0,770.0,1429.0,31.0,34.0,33.0,55464.0,55464.0,0.1344,,7251.0,,9693.0,,16648.0,,23172.0,,47675.0,Currently certified as operating
61,021636,William James College,MA,02459,Private nonprofit,"New England (CT, ME, MA, NH, RI, VT)",www.williamjames.edu,4-year,Entirely graduate-degree granting,Graduate degree,Special Focus Four-Year: Other Health Professions Schools,"Four-year, higher part-time","Four-year, very small, primarily nonresidential",,14.0,Not distance-education only,No,,,751.0,Co-Educational,,,,,,,,,,,,,,,,,,,,,,,,,Currently certified as operating
62,002307,Oakland University,MI,48309-4401,Public,"Great Lakes (IL, IN, MI, OH, WI)",www.oakland.edu/npc,4-year,Predominantly bachelors-degree granting,Graduate degree,Doctoral Universities: Higher Research Activity,"Four-year, full-time, selective, higher transfer-in","Four-year, large, primarily nonresidential",,15476.0,Not distance-education only,No,,0.1852,3510.0,Co-Educational,0.2624,0.5528,0.8391,510.0,620.0,500.0,620.0,1145.0,21.0,28.0,25.0,12606.0,24230.0,0.3151,7176.0,,7304.0,,9637.0,,15129.0,,17872.0,,Currently certified as operating
63,002266,Cornerstone University,MI,49525-5897,Private nonprofit,"Great Lakes (IL, IN, MI, OH, WI)",www.cornerstone.edu/tuition-calculator,4-year,Predominantly bachelors-degree granting,Graduate degree,Masters Colleges & Universities: Medium Programs,"Four-year, medium full-time, inclusive, lower transfer-in","Four-year, small, primarily residential",,1561.0,Not distance-education only,No,Interdenominational,0.1749,506.0,Co-Educational,0.4662,0.5526,0.7339,480.0,600.0,470.0,580.0,1089.0,19.0,26.0,23.0,24500.0,24500.0,0.4057,,17600.0,,14865.0,,19615.0,,21579.0,,23906.0,Currently certified as operating
64,011732,Mayo Clinic College of Medicine and Science,MN,55905,Private nonprofit,"Plains (IA, KS, MN, MO, NE, ND, SD)",,4-year,Predominantly certificate-degree granting,Graduate degree,Special Focus Four-Year: Medical Schools & Centers,Not classified (Exclusively Graduate),Exclusively graduate/professional,,218.0,Not distance-education only,No,,0.0,905.0,Co-Educational,,,,,,,,,,,,,,0.0939,,,,,,,,,,,Currently certified as operating
65,002318,Spring Arbor University,MI,49283-9799,Private nonprofit,"Great Lakes (IL, IN, MI, OH, WI)",https://www.arbor.edu/admissions/financial-aid/costs/,4-year,Predominantly bachelors-degree granting,Graduate degree,Masters Colleges & Universities: Larger Programs,"Four-year, medium full-time , selective, higher transfer-in","Four-year, small, primarily residential",,1671.0,Not distance-education only,No,Free Methodist,0.298,1629.0,Co-Educational,0.3834,0.5687,0.7093,520.0,620.0,505.0,610.0,1134.0,20.0,26.0,23.0,28810.0,28810.0,0.397,,16974.0,,15605.0,,17634.0,,20819.0,,22724.0,Currently certified as operating
66,012627,Western Michigan University-Thomas M. Cooley Law School,MI,48933,Private nonprofit,"Great Lakes (IL, IN, MI, OH, WI)",cooley.edu/admissions/tuition,4-year,Entirely graduate-degree granting,Graduate degree,Special Focus Four-Year: Law Schools,Not classified (Exclusively Graduate),Exclusively graduate/professional,,,Not distance-education only,No,,,1325.0,Not Listed,,,,,,,,,,,,,,,,,,,,,,,,,Currently certified as operating
67,002329,Wayne State University,MI,48202,Public,"Great Lakes (IL, IN, MI, OH, WI)",oira.wayne.edu/net-price-calculator/npcalc.htm,4-year,Predominantly bachelors-degree granting,Graduate degree,Doctoral Universities: Highest Research Activity,"Four-year, medium full-time , selective, higher transfer-in","Four-year, large, primarily nonresidential",,17114.0,Not distance-education only,No,,0.2455,9451.0,Co-Educational,0.1843,0.4696,0.7115,510.0,610.0,500.0,600.0,1127.0,21.0,27.0,24.0,13097.0,27991.0,0.442,11607.0,,11996.0,,13432.0,,18758.0,,19911.0,,Currently certified as operating
68,002353,Gustavus Adolphus College,MN,56082-1498,Private nonprofit,"Plains (IA, KS, MN, MO, NE, ND, SD)",gustavus.edu/admission/financial-aid/calculator.php,4-year,Predominantly bachelors-degree granting,Bachelors degree,Baccalaureate Colleges: Arts & Sciences Focus,"Four-year, full-time, selective, lower transfer-in","Four-year, small, highly residential",,2229.0,Not distance-education only,No,Evangelical Lutheran Church,0.0076,,Co-Educational,0.7648,0.7766,0.6616,,,,,,,,,45400.0,45400.0,0.2646,,14931.0,,14958.0,,16503.0,,23240.0,,28515.0,Currently certified as operating
69,002389,University of Minnesota-Morris,MN,56267,Public,"Plains (IA, KS, MN, MO, NE, ND, SD)",https://npc.collegeboard.org/app/dumn?iframe=true,4-year,Predominantly bachelors-degree granting,Bachelors degree,Baccalaureate Colleges: Arts & Sciences Focus,"Four-year, full-time, more selective, higher transfer-in","Four-year, small, highly residential",,1488.0,Not distance-education only,No,,0.0329,,Co-Educational,0.5208,0.6601,0.6279,530.0,660.0,550.0,690.0,1206.0,22.0,27.0,25.0,13314.0,15342.0,0.3319,4040.0,,4725.0,,7163.0,,14818.0,,17929.0,,Currently certified as operating
70,002369,North Central University,MN,55404-1391,Private nonprofit,"Plains (IA, KS, MN, MO, NE, ND, SD)",www.northcentral.edu/financial-aid/net-price-calculator,4-year,Predominantly bachelors-degree granting,Graduate degree,Baccalaureate Colleges: Diverse Fields,"Four-year, full-time, inclusive, higher transfer-in","Four-year, very small, highly residential",,921.0,Not distance-education only,No,Assemblies of God Church,0.025,43.0,Co-Educational,0.0474,0.5438,0.9004,515.0,643.0,518.0,565.0,1107.0,19.0,24.0,22.0,24240.0,24240.0,0.3584,,17617.0,,18660.0,,19772.0,,21498.0,,26035.0,Currently certified as operating
71,002336,Bemidji State University,MN,56601,Public,"Plains (IA, KS, MN, MO, NE, ND, SD)",https://www.minnstate.edu/admissions/calculator/bemidji.html,4-year,Predominantly bachelors-degree granting,Graduate degree,Masters Colleges & Universities: Small Programs,"Four-year, medium full-time , selective, higher transfer-in","Four-year, medium, primarily residential",,4308.0,Not distance-education only,No,,0.2437,421.0,Co-Educational,0.2955,0.4599,0.6667,,,,,1105.0,19.0,24.0,22.0,8696.0,8696.0,0.3165,10520.0,,11640.0,,14254.0,,17923.0,,19034.0,,Currently certified as operating
72,002371,University of Northwestern-St Paul,MN,55113-1598,Private nonprofit,"Plains (IA, KS, MN, MO, NE, ND, SD)",https://unwsp.edu/become-a-student/financial-aid/undergraduate-net-price-calculator,4-year,Predominantly bachelors-degree granting,Graduate degree,Masters Colleges & Universities: Medium Programs,"Four-year, full-time, selective, higher transfer-in","Four-year, small, highly residential",,1818.0,Not distance-education only,No,Other Protestant,0.1254,180.0,Co-Educational,0.5444,0.6305,0.9262,523.0,638.0,530.0,610.0,1187.0,21.0,27.0,24.0,31540.0,31540.0,0.2019,,19083.0,,17506.0,,19624.0,,23678.0,,28311.0,Currently certified as operating
73,002397,Belhaven University,MS,39202,Private nonprofit,"Southeast (AL, AR, FL, GA, KY, LA, MS, NC, SC, TN, VA, WV)",www.belhaven.edu/financial_aid/calculator.htm,4-year,Predominantly bachelors-degree granting,Graduate degree,Masters Colleges & Universities: Larger Programs,"Four-year, higher part-time","Four-year, small, primarily residential",,2220.0,Not distance-education only,No,Presbyterian Church (USA),0.4811,1898.0,Co-Educational,0.341,0.47,0.5161,,,,,,,,,25300.0,25300.0,0.4868,,16737.0,,16667.0,,18686.0,,20616.0,,22004.0,Currently certified as operating
74,002424,Mississippi Valley State University,MS,38941-1400,Public,"Southeast (AL, AR, FL, GA, KY, LA, MS, NC, SC, TN, VA, WV)",www.collegeraptor.com/Shopping/School/Mississippi-Valley-State-University-MS-176044,4-year,Predominantly bachelors-degree granting,Graduate degree,Masters Colleges & Universities: Small Programs,"Four-year, full-time, inclusive, higher transfer-in","Four-year, small, highly residential",,1659.0,Not distance-education only,Yes,,0.0868,355.0,Co-Educational,0.1675,0.2887,0.863,,,,,945.0,15.0,19.0,17.0,6550.0,6550.0,0.6915,15842.0,,16135.0,,16190.0,,15850.0,,14673.0,,Currently certified as operating
75,002341,College of Saint Benedict,MN,56374,Private nonprofit,"Plains (IA, KS, MN, MO, NE, ND, SD)",https://csbsju.edu/admission/finaid/netpricecalculator/csbcalculator,4-year,Predominantly bachelors-degree granting,Bachelors degree,Baccalaureate Colleges: Arts & Sciences Focus,"Four-year, full-time, more selective, lower transfer-in","Four-year, small, highly residential",,1782.0,Not distance-education only,No,Roman Catholic,0.0101,,Single-Sex: Women,0.7429,0.802,0.8338,510.0,610.0,490.0,590.0,1195.0,22.0,27.0,25.0,45264.0,45264.0,0.2499,,18299.0,,18301.0,,21828.0,,26023.0,,32173.0,Currently certified as operating
76,002380,Saint Mary's University of Minnesota,MN,55987-1399,Private nonprofit,"Plains (IA, KS, MN, MO, NE, ND, SD)",www.smumn.edu/admission/undergraduate/financial-aid/net-price-calculator/npc,4-year,Predominantly bachelors-degree granting,Graduate degree,Masters Colleges & Universities: Larger Programs,"Four-year, medium full-time , selective, higher transfer-in","Four-year, medium, primarily residential",,1409.0,Not distance-education only,No,Roman Catholic,0.2207,4118.0,Co-Educational,0.5579,0.6128,0.9147,520.0,620.0,510.0,620.0,1148.0,20.0,26.0,23.0,35110.0,35110.0,0.2981,,15494.0,,13374.0,,18009.0,,20862.0,,25229.0,Currently certified as operating
77,002382,St Olaf College,MN,55057-1098,Private nonprofit,"Plains (IA, KS, MN, MO, NE, ND, SD)",https://wp.stolaf.edu/financialaid/net-price-calculator/,4-year,Predominantly bachelors-degree granting,Bachelors degree,Baccalaureate Colleges: Arts & Sciences Focus,"Four-year, full-time, more selective, lower transfer-in","Four-year, medium, highly residential",,3022.0,Not distance-education only,No,Evangelical Lutheran Church,0.0026,,Co-Educational,0.8192,0.8621,0.4991,600.0,700.0,590.0,710.0,1320.0,25.0,32.0,29.0,47840.0,47840.0,0.1852,,10458.0,,10894.0,,15155.0,,20709.0,,33877.0,Currently certified as operating
78,002345,University of St Thomas,MN,55105-1078,Private nonprofit,"Plains (IA, KS, MN, MO, NE, ND, SD)",www.stthomas.edu/financialaid/undergraduate/resources/netpricecalculator/,4-year,Predominantly bachelors-degree granting,Graduate degree,Doctoral Universities: Moderate Research Activity,"Four-year, full-time, more selective, lower transfer-in","Four-year, medium, primarily residential",,6344.0,Not distance-education only,No,Roman Catholic,0.0298,3640.0,Co-Educational,0.6438,0.7727,0.8039,570.0,670.0,560.0,710.0,1269.0,24.0,29.0,27.0,42736.0,42736.0,0.1813,,27757.0,,25252.0,,26336.0,,27800.0,,31500.0,Currently certified as operating
79,008694,Rasmussen College-Minnesota,MN,56301-3713,Private for-profit,"Plains (IA, KS, MN, MO, NE, ND, SD)",https://npc.collegeboard.org/student/app/rasmussen,4-year,Predominantly associates-degree granting,Bachelors degree,Baccalaureate/Associates Colleges: Mixed Baccalaureate/Associates,"Four-year, higher part-time","Four-year, small, primarily nonresidential",,4016.0,Not distance-education only,No,,0.5007,30.0,Co-Educational,0.3333,0.4318,,,,,,,,,,10935.0,10935.0,0.4596,,15863.0,,14979.0,,18945.0,,21056.0,,20740.0,Currently certified as operating
80,002477,A T Still University of Health Sciences,MO,63501,Private nonprofit,"Plains (IA, KS, MN, MO, NE, ND, SD)",www.atsu.edu,4-year,Entirely graduate-degree granting,Graduate degree,Special Focus Four-Year: Medical Schools & Centers,Not classified (Exclusively Graduate),Exclusively graduate/professional,,,Not distance-education only,No,,,3717.0,Not Listed,,,,,,,,,,,,,,,,,,,,,,,,,Currently certified as operating
81,002458,Cottey College,MO,64772,Private nonprofit,"Plains (IA, KS, MN, MO, NE, ND, SD)",www.cottey.edu/NetPriceCalculator/index.html,4-year,Predominantly associates-degree granting,Bachelors degree,Baccalaureate/Associates Colleges: Mixed Baccalaureate/Associates,"Four-year, full-time, inclusive, lower transfer-in","Four-year, very small, highly residential",,271.0,Not distance-education only,No,,0.0111,,Single-Sex: Women,0.5833,0.5906,0.3804,510.0,560.0,460.0,550.0,1096.0,19.0,25.0,22.0,21160.0,21160.0,0.4333,,17143.0,,18047.0,,18169.0,,19948.0,,23461.0,Currently certified as operating
82,002460,Culver-Stockton College,MO,63435-1299,Private nonprofit,"Plains (IA, KS, MN, MO, NE, ND, SD)",https://www.culver.edu/value/,4-year,Predominantly bachelors-degree granting,Graduate degree,Baccalaureate Colleges: Diverse Fields,"Four-year, full-time, inclusive, lower transfer-in","Four-year, small, highly residential",,975.0,Not distance-education only,No,Christian Church (Disciples of Christ),0.0574,46.0,Co-Educational,0.4028,0.5,0.464,480.0,570.0,470.0,570.0,1058.0,18.0,23.0,21.0,26680.0,26680.0,0.4007,,16398.0,,17507.0,,20554.0,,22071.0,,24754.0,Currently certified as operating
83,002461,Drury University,MO,65802-3791,Private nonprofit,"Plains (IA, KS, MN, MO, NE, ND, SD)",https://tcc.ruffalonl.com/Drury%20University/Freshman-Students,4-year,Predominantly bachelors-degree granting,Graduate degree,Masters Colleges & Universities: Medium Programs,"Four-year, medium full-time , selective, higher transfer-in","Four-year, small, primarily residential",,1486.0,Not distance-education only,No,Christian Church (Disciples of Christ),0.0188,240.0,Co-Educational,0.4571,0.6399,0.6824,540.0,650.0,530.0,630.0,1227.0,22.0,29.0,26.0,28515.0,28515.0,0.2947,,15483.0,,16870.0,,15794.0,,20473.0,,22677.0,Currently certified as operating
84,013208,Baptist Bible College,MO,65803-3498,Private nonprofit,"Plains (IA, KS, MN, MO, NE, ND, SD)",gobbc.edu,4-year,Predominantly bachelors-degree granting,Graduate degree,Special Focus Four-Year: Faith-Related Institutions,"Four-year, full-time, inclusive, higher transfer-in","Four-year, very small, highly residential",,238.0,Not distance-education only,No,Baptist,0.0966,18.0,Co-Educational,0.2,0.4118,,,,,,,,,,14150.0,14150.0,0.5522,,20522.0,,23990.0,,,,23990.0,,,Currently certified as operating
85,007540,Missouri Baptist University,MO,63141-8698,Private nonprofit,"Plains (IA, KS, MN, MO, NE, ND, SD)",www.mobap.edu/freshmannetcostcalculator/,4-year,Predominantly bachelors-degree granting,Graduate degree,Masters Colleges & Universities: Larger Programs,"Four-year, full-time, inclusive, higher transfer-in","Four-year, small, primarily nonresidential",,1818.0,Not distance-education only,No,Baptist,0.1953,900.0,Co-Educational,0.244,0.3571,0.5229,460.0,560.0,470.0,550.0,1074.0,19.0,23.0,21.0,27124.0,27124.0,0.187,,18936.0,,18857.0,,19644.0,,21857.0,,23476.0,Currently certified as operating
86,002453,Central Methodist University-College of Liberal Arts and Sciences,MO,65248-1198,Private nonprofit,"Plains (IA, KS, MN, MO, NE, ND, SD)",www.centralmethodist.edu/admissions/financial-aid/calculator/npcalc.htm,4-year,Predominantly bachelors-degree granting,Bachelors degree,Baccalaureate Colleges: Diverse Fields,"Four-year, full-time, selective, higher transfer-in","Four-year, small, highly residential",,1147.0,Not distance-education only,No,United Methodist,0.0139,,Co-Educational,0.3456,0.3974,0.9336,460.0,550.0,490.0,580.0,1106.0,20.0,24.0,22.0,24420.0,24420.0,0.4156,,15937.0,,16944.0,,20016.0,,22215.0,,23539.0,Currently certified as operating
87,002488,Missouri Southern State University,MO,64801-1595,Public,"Plains (IA, KS, MN, MO, NE, ND, SD)",www.mssu.edu/student-affairs/financial-aid/npcalc.htm,4-year,Predominantly bachelors-degree granting,Graduate degree,Baccalaureate Colleges: Diverse Fields,"Four-year, medium full-time , selective, higher transfer-in","Four-year, medium, primarily nonresidential",,5122.0,Not distance-education only,No,,0.197,155.0,Co-Educational,0.1535,0.3274,0.9562,,,,,1085.0,18.0,24.0,21.0,6503.0,13005.0,0.4638,8118.0,,8432.0,,10946.0,,12750.0,,12501.0,,Currently certified as operating
88,002490,Missouri Western State University,MO,64507,Public,"Plains (IA, KS, MN, MO, NE, ND, SD)",https://forms.missouriwestern.edu/finaid/npcalc1.htm,4-year,Predominantly bachelors-degree granting,Graduate degree,Masters Colleges & Universities: Medium Programs,"Four-year, full-time, inclusive, higher transfer-in","Four-year, medium, primarily residential",,4119.0,Not distance-education only,No,,0.1396,235.0,Co-Educational,0.1587,0.3364,,,,,,,,,,7960.0,13835.0,0.3551,8528.0,,8536.0,,11330.0,,13368.0,,15184.0,,Currently certified as operating
89,002466,Harris-Stowe State University,MO,63103-2136,Public,"Plains (IA, KS, MN, MO, NE, ND, SD)",www.hssu.edu/ae/aefiles/7/NetPriceCalc/npcalc.htm,4-year,Predominantly bachelors-degree granting,Bachelors degree,Baccalaureate Colleges: Diverse Fields,"Four-year, full-time, inclusive, higher transfer-in","Four-year, small, primarily residential",,1709.0,Not distance-education only,Yes,,0.182,,Co-Educational,0.0104,0.0934,,,,,,,,,,5388.0,10020.0,0.742,10655.0,,10420.0,,12773.0,,14888.0,,17724.0,,Currently certified as operating
90,002496,Northwest Missouri State University,MO,64468-6001,Public,"Plains (IA, KS, MN, MO, NE, ND, SD)",https://www.nwmissouri.edu/finaid/net-price-calculator/,4-year,Predominantly bachelors-degree granting,Graduate degree,Masters Colleges & Universities: Larger Programs,"Four-year, full-time, selective, lower transfer-in","Four-year, medium, highly residential",,5193.0,Not distance-education only,No,,0.0566,1203.0,Co-Educational,0.2739,0.4878,0.7915,478.0,593.0,498.0,600.0,1104.0,19.0,24.0,22.0,7844.0,13166.0,0.3191,9285.0,,9757.0,,11997.0,,14622.0,,15744.0,,Currently certified as operating
91,002500,College of the Ozarks,MO,65726-0017,Private nonprofit,"Plains (IA, KS, MN, MO, NE, ND, SD)",www.cofo.edu/npc/index.html,4-year,Predominantly bachelors-degree granting,Bachelors degree,Baccalaureate Colleges: Diverse Fields,"Four-year, full-time, selective, lower transfer-in","Four-year, small, highly residential",,1548.0,Not distance-education only,No,Evangelical Christian,0.0097,,Co-Educational,0.5309,0.6584,0.1152,630.0,660.0,563.0,640.0,1174.0,21.0,26.0,24.0,19360.0,19360.0,0.5405,,10152.0,,7490.0,,9595.0,,9322.0,,9883.0,Currently certified as operating
92,009743,Bellevue University,NE,68005-3098,Private nonprofit,"Plains (IA, KS, MN, MO, NE, ND, SD)",www.bellevue.edu/admissions-tuition/financing-options/net-price-calculator/npcalc.htm,4-year,Predominantly bachelors-degree granting,Graduate degree,Masters Colleges & Universities: Larger Programs,"Four-year, full-time, inclusive, higher transfer-in","Four-year, medium, primarily nonresidential",,6377.0,Not distance-education only,No,,0.3411,3167.0,Co-Educational,0.0,0.0,,,,,,,,,,7827.0,7827.0,0.2531,,12411.0,,13177.0,,11515.0,,18574.0,,9880.0,Currently certified as operating
93,002572,Colby-Sawyer College,NH,03257-7835,Private nonprofit,"New England (CT, ME, MA, NH, RI, VT)",colby-sawyer.edu/net-price-calculator,4-year,Predominantly bachelors-degree granting,Bachelors degree,Baccalaureate Colleges: Diverse Fields,"Four-year, full-time, inclusive, lower transfer-in","Four-year, very small, highly residential",,851.0,Not distance-education only,No,,0.0353,,Co-Educational,0.5266,0.6066,0.8963,,,,,,,,,42398.0,42398.0,0.2719,,21955.0,,20508.0,,24746.0,,29829.0,,30194.0,Currently certified as operating
94,002589,University of New Hampshire-Main Campus,NH,03824-3547,Public,"New England (CT, ME, MA, NH, RI, VT)",npc.collegeboard.org/student/app/unh,4-year,Predominantly bachelors-degree granting,Graduate degree,Doctoral Universities: Highest Research Activity,"Four-year, full-time, more selective, lower transfer-in","Four-year, large, highly residential",,12668.0,Not distance-education only,No,,0.0163,2483.0,Co-Educational,0.689,0.7707,0.7678,550.0,640.0,540.0,630.0,1186.0,22.0,28.0,25.0,18499.0,33879.0,0.2171,15675.0,,16146.0,,19902.0,,25443.0,,29644.0,,Currently certified as operating
95,002589,University of New Hampshire at Manchester,NH,03101-1113,Public,"New England (CT, ME, MA, NH, RI, VT)",https://npc.collegeboard.org/student/app/unh,4-year,Predominantly bachelors-degree granting,Bachelors degree,Baccalaureate Colleges: Arts & Sciences Focus,"Four-year, full-time, selective, higher transfer-in","Four-year, very small, primarily nonresidential",,703.0,Not distance-education only,No,,0.1622,23.0,Co-Educational,0.4359,0.4143,0.6757,520.0,600.0,510.0,590.0,1114.0,22.0,26.0,24.0,15265.0,30635.0,0.315,7795.0,,8448.0,,11796.0,,20689.0,,20689.0,,Currently certified as operating
96,002599,Centenary University,NJ,07840,Private nonprofit,"Mid East (DE, DC, MD, NJ, NY, PA)",https://npc.collegeboard.org/student/app/centenarycollege,4-year,Predominantly bachelors-degree granting,Graduate degree,Masters Colleges & Universities: Medium Programs,"Four-year, full-time, inclusive, higher transfer-in","Four-year, small, highly residential",,1241.0,Not distance-education only,No,United Methodist,0.1499,536.0,Co-Educational,0.4744,0.5538,0.6682,440.0,550.0,430.0,540.0,987.0,17.0,22.0,20.0,32998.0,32998.0,0.3733,,13586.0,,16306.0,,18137.0,,25615.0,,28379.0,Currently certified as operating
97,002627,Princeton University,NJ,08544-0070,Private nonprofit,"Mid East (DE, DC, MD, NJ, NY, PA)",www.princeton.edu/admission/financialaid/estimator/,4-year,Predominantly bachelors-degree granting,Graduate degree,Doctoral Universities: Highest Research Activity,"Four-year, full-time, more selective, lower transfer-in","Four-year, medium, highly residential",,5301.0,Not distance-education only,No,,0.0,2946.0,Co-Educational,0.8738,0.9638,0.0548,710.0,770.0,730.0,800.0,1503.0,32.0,35.0,34.0,50340.0,50340.0,0.1863,,2586.0,,2641.0,,4620.0,,17235.0,,34425.0,Currently certified as operating
98,009344,Ramapo College of New Jersey,NJ,07430-1680,Public,"Mid East (DE, DC, MD, NJ, NY, PA)",npc.collegeboard.org/app/ramapo,4-year,Predominantly bachelors-degree granting,Graduate degree,Masters Colleges & Universities: Medium Programs,"Four-year, full-time, selective, higher transfer-in","Four-year, medium, highly residential",,5262.0,Not distance-education only,No,,0.0887,565.0,Co-Educational,0.5928,0.7359,0.6289,530.0,620.0,520.0,620.0,1149.0,21.0,26.0,24.0,14374.0,23715.0,0.2553,10838.0,,14780.0,,20908.0,,26436.0,,26061.0,,Currently certified as operating
99,002629,Rutgers University-Camden,NJ,08102,Public,"Mid East (DE, DC, MD, NJ, NY, PA)",https://financialaid.rutgers.edu/tools-and-resources/net-price-calculator/,4-year,Predominantly bachelors-degree granting,Graduate degree,Doctoral Universities: Higher Research Activity,"Four-year, full-time, selective, higher transfer-in","Four-year, medium, primarily nonresidential",,5618.0,Not distance-education only,No,,0.1529,1395.0,Co-Educational,0.3119,0.58,0.7138,500.0,590.0,500.0,590.0,1086.0,17.0,23.0,20.0,14835.0,30613.0,0.5108,9477.0,,8895.0,,11935.0,,16979.0,,23996.0,,Currently certified as operating
